Node_type;Gene;GEX_celltype_Log2FC_Delta;GEX_celltype_Log2FC_Epsprogenitors;GEX_celltype_Log2FC_Epsilon;GEX_celltype_Log2FC_Fev+Delta;Region;Gene_signature_name
Gene;Nol4l;0.6381951;0.38710037;-0.37104973;0.3945958;chr2:153274604-153275536;Neurod2_+_(303g)
Gene;Nol4l;0.6381951;0.38710037;-0.37104973;0.3945958;chr2:153470661-153471627;Neurod2_+_(303g)
Gene;Nol4l;0.6381951;0.38710037;-0.37104973;0.3945958;chr2:153409435-153410508;Neurod2_+_(303g)
Gene;Nol4l;0.6381951;0.38710037;-0.37104973;0.3945958;chr2:153575272-153576205;Neurod2_+_(303g)
Gene;Nol4l;0.6381951;0.38710037;-0.37104973;0.3945958;chr2:153556010-153556884;Neurod2_+_(303g)
Gene;Nol4l;0.6381951;0.38710037;-0.37104973;0.3945958;chr2:153453931-153454824;Neurod2_+_(303g)
Gene;Nol4l;0.6381951;0.38710037;-0.37104973;0.3945958;chr2:153335807-153336690;Neurod2_+_(303g)
Gene;Nol4l;0.6381951;0.38710037;-0.37104973;0.3945958;chr2:153521945-153522742;Neurod2_+_(303g)
Gene;Nol4l;0.6381951;0.38710037;-0.37104973;0.3945958;chr2:153544657-153545570;Neurod2_+_(303g)
